graph_id,module,module_zh,source_asset_or_map_path,source_graph_or_event_name,locate_in_ue,copy_scope,node_text_path,screenshot_path,blueprintue_url,status,native_asset_path,notes
01-01,XR Pawn Extension and Desktop Input,XR Pawn 扩展与键鼠输入,,,你当前使用的 XRPawn；以工程中实际资产名为准。,XRPawn → Event Graph：从键鼠输入事件开始，复制到移动/视角更新或 TryInteract 调用结束。已有函数分别导出，别只复制 Event Graph。,GRAPHS/01-shared-xr-pawn/01-01-desktop-input.txt,IMAGES/01-01-desktop-input.png,,pending_export,,附实际使用的 Input Action / Input Mapping Context、Pawn 的 Components 树和相关变量。官方模板未改动的整套传送逻辑不必反复截图。
01-02,XR Pawn Extension and Desktop Input,XR Pawn 扩展与键鼠输入,,,你当前使用的 XRPawn；以工程中实际资产名为准。,XRPawn → Event Graph：复制当前手柄输入如何进入你的卡牌/门交互。保留抓取判断和实际分支，不把它改写成假定的统一输入。,GRAPHS/01-shared-xr-pawn/01-02-vr-input-routing.txt,IMAGES/01-02-vr-input-routing.png,,pending_export,,附实际使用的 Input Action / Input Mapping Context、Pawn 的 Components 树和相关变量。官方模板未改动的整套传送逻辑不必反复截图。
02-01,Tarot Targeting and Focus Feedback,塔罗牌射线定位与悬停反馈,,,XRPawn → UpdateTarotFocus；卡牌蓝图中接收焦点变化的事件。,打开 UpdateTarotFocus，复制函数全图。过宽时截图分成“射线来源”和“命中及更新焦点”，但文本保留完整函数。,GRAPHS/02-tarot-focus/02-01-update-tarot-focus.txt,IMAGES/02-01-update-tarot-focus.png,,pending_export,,附射线通道设置、相关变量类型，以及实际使用的高亮材质/材质实例说明。别把 FocusedTarotCard 当作一个函数单独寻找。
02-02,Tarot Targeting and Focus Feedback,塔罗牌射线定位与悬停反馈,,,XRPawn → UpdateTarotFocus；卡牌蓝图中接收焦点变化的事件。,顺着 UpdateTarotFocus 对卡牌的调用，打开实际接收事件，复制亮起/取消亮起的逻辑。旧记录出现过 TarotFocusOn 和 Overlay，按当前工程核对。,GRAPHS/02-tarot-focus/02-02-card-focus-feedback.txt,IMAGES/02-02-card-focus-feedback.png,,pending_export,,附射线通道设置、相关变量类型，以及实际使用的高亮材质/材质实例说明。别把 FocusedTarotCard 当作一个函数单独寻找。
03-01,Interaction Dispatch and Door Fallback,交互分发与门交互回退,,,XRPawn → TryInteract、TryOpenFocusedDoor。,打开 TryInteract，复制入口、Is Valid、卡牌激活和门回退两条分支。,GRAPHS/03-interaction-dispatch/03-01-try-interact.txt,IMAGES/03-01-try-interact.png,,pending_export,,附 FocusedTarotCard、门目标变量的类型。截图要让两个分支和调用名都能读清。
03-02,Interaction Dispatch and Door Fallback,交互分发与门交互回退,,,XRPawn → TryInteract、TryOpenFocusedDoor。,打开 TryOpenFocusedDoor，复制目标有效性检查至门响应调用。门的动画另放模块 08。,GRAPHS/03-interaction-dispatch/03-02-try-open-focused-door.txt,IMAGES/03-02-try-open-focused-door.png,,pending_export,,附 FocusedTarotCard、门目标变量的类型。截图要让两个分支和调用名都能读清。
04-01,Tarot Activation and Level Entry,卡牌激活、视觉响应与进入关卡,,,BP_TarotCard → ActivateTarotCard 自定义事件及其后续执行链。,BP_TarotCard：从 ActivateTarotCard、IsActivated 判断复制到升起/旋转/漂浮的更新节点。,GRAPHS/04-card-activation/04-01-activation-and-motion.txt,IMAGES/04-01-activation-and-motion.png,,pending_export,,附卡牌各 Timeline 的曲线与时长、CardIndex 和目标地图的实例配置。不要把自定义事件误写成函数。
04-02,Tarot Activation and Level Entry,卡牌激活、视觉响应与进入关卡,,,BP_TarotCard → ActivateTarotCard 自定义事件及其后续执行链。,同一执行链继续复制 Delay → GameInstance → ActiveCardIndex / ReturnFadeColor → 淡出 → Open Level。,GRAPHS/04-card-activation/04-02-selection-and-level-entry.txt,IMAGES/04-02-selection-and-level-entry.png,,pending_export,,附卡牌各 Timeline 的曲线与时长、CardIndex 和目标地图的实例配置。不要把自定义事件误写成函数。
05-01,Encounter Completion and Shop State Restoration,关卡完成记录、返回与商店恢复,,,项目 GameInstance、各关返回逻辑、BP_TarotCard → BeginPlay、TheShop 的终章条件检查。,各关结束前找到写入完成记录的节点，连同当前关卡/卡牌身份和返回调用导出；如果五关复用同一函数，导出一次并注明五处调用。,GRAPHS/05-progress-and-return/05-01-completion-write.txt,IMAGES/05-01-completion-write.png,,pending_export,,GameInstance 没有复杂节点时，也要导出其 .uasset，并附变量、类型、默认值；逐关核对写入点。检查当前实现是计数、逐卡记录还是两者结合，不能凭旧方案填数组名。
05-02,Encounter Completion and Shop State Restoration,关卡完成记录、返回与商店恢复,,,项目 GameInstance、各关返回逻辑、BP_TarotCard → BeginPlay、TheShop 的终章条件检查。,BP_TarotCard → Event BeginPlay：复制 CompletedCardCount / ActiveCardIndex / CardIndex 的判断，到燃烧或已燃烧状态设置。,GRAPHS/05-progress-and-return/05-02-shop-card-restoration.txt,IMAGES/05-02-shop-card-restoration.png,,pending_export,,GameInstance 没有复杂节点时，也要导出其 .uasset，并附变量、类型、默认值；逐关核对写入点。检查当前实现是计数、逐卡记录还是两者结合，不能凭旧方案填数组名。
05-03,Encounter Completion and Shop State Restoration,关卡完成记录、返回与商店恢复,,,项目 GameInstance、各关返回逻辑、BP_TarotCard → BeginPlay、TheShop 的终章条件检查。,TheShop 或实际管理蓝图中找到终章调用，向前复制真正控制它的完成条件。,GRAPHS/05-progress-and-return/05-03-ending-condition.txt,IMAGES/05-03-ending-condition.png,,pending_export,,GameInstance 没有复杂节点时，也要导出其 .uasset，并附变量、类型、默认值；逐关核对写入点。检查当前实现是计数、逐卡记录还是两者结合，不能凭旧方案填数组名。
06-01,Spatial Narrative Cues and Audio Timing,空间文字触发、浮动文本与旁白时序,,,实际 NarrativeTrigger / 浮动文字 Actor / 文字 Widget；先从 ShowNow 的调用找到当前资产。,从场景中的文字触发盒打开所属蓝图，复制玩家识别、触发条件和调用文字/音频的完整链。,GRAPHS/06-narrative-system/06-01-narrative-trigger.txt,IMAGES/06-01-narrative-trigger.png,,pending_export,,提供当前实际台词表或实例参数；作品集中的 T1–T3 概括不要标成逐字游戏台词。声音文件本体可以不放公开仓库，登记资产引用即可。
06-02,Spatial Narrative Cues and Audio Timing,空间文字触发、浮动文本与旁白时序,,,实际 NarrativeTrigger / 浮动文字 Actor / 文字 Widget；先从 ShowNow 的调用找到当前资产。,顺着 ShowNow 打开实际接收对象，复制显示/隐藏及相关文字更新。若为 Widget，还要留 Designer 和动画轨道图。,GRAPHS/06-narrative-system/06-02-show-now-and-text.txt,IMAGES/06-02-show-now-and-text.png,,pending_export,,提供当前实际台词表或实例参数；作品集中的 T1–T3 概括不要标成逐字游戏台词。声音文件本体可以不放公开仓库，登记资产引用即可。
06-03,Spatial Narrative Cues and Audio Timing,空间文字触发、浮动文本与旁白时序,,,实际 NarrativeTrigger / 浮动文字 Actor / 文字 Widget；先从 ShowNow 的调用找到当前资产。,复制当前负责播放、延迟或等待结束的节点。只保留真实实现，不凭印象补“自动按音频长度计算”。,GRAPHS/06-narrative-system/06-03-narration-timing.txt,IMAGES/06-03-narration-timing.png,,pending_export,,提供当前实际台词表或实例参数；作品集中的 T1–T3 概括不要标成逐字游戏台词。声音文件本体可以不放公开仓库，登记资产引用即可。
07-01,Baiting — Bell Interaction and Target Confirmation,第一关：敲铃与指认目标,,,第一关铃铛交互 Actor 和/或第一关 Level Blueprint，资产名待从工程记录。,在第一关选中真正接收交互的铃铛/触发器，打开所属蓝图，复制输入、判断、铃声和后续调用。,GRAPHS/07-baiting-bell/07-01-bell-interaction.txt,IMAGES/07-01-bell-interaction.png,,pending_export,,附一张敲铃实机反馈截图。不要另造 BP_Bell 之类资产名；现有工程叫什么就登记什么。
07-02,Baiting — Bell Interaction and Target Confirmation,第一关：敲铃与指认目标,,,第一关铃铛交互 Actor 和/或第一关 Level Blueprint，资产名待从工程记录。,若后果写在关卡蓝图，从接收铃铛事件的地方继续复制到完成记录和返回；共用部分引用模块 05。,GRAPHS/07-baiting-bell/07-02-baiting-consequence-return.txt,IMAGES/07-02-baiting-consequence-return.png,,pending_export,,附一张敲铃实机反馈截图。不要另造 BP_Bell 之类资产名；现有工程叫什么就登记什么。
08-01,Flight — Door Reveal and Passage,第二关：门显现、开启与通过,,,第二关门的接近触发与出口门蓝图；旧记录名 BP_ExitDoor，按工程核对。,找到控制门隐藏/显示或出现动画的触发点，复制到实际视觉响应。不要只截门模型。,GRAPHS/08-flight-door/08-01-door-reveal.txt,IMAGES/08-01-door-reveal.png,,pending_export,,第二关文案以你确认的 First to Cross 为准。输入通道和距离保留当前设置，别照搬早期测试值。
08-02,Flight — Door Reveal and Passage,第二关：门显现、开启与通过,,,第二关门的接近触发与出口门蓝图；旧记录名 BP_ExitDoor，按工程核对。,打开当前出口门蓝图；旧记录可搜索 BP_ExitDoor、OpenDoor、TL_OpenDoor。复制真实调用与更新位置/旋转的逻辑。,GRAPHS/08-flight-door/08-02-door-open.txt,IMAGES/08-02-door-open.png,,pending_export,,第二关文案以你确认的 First to Cross 为准。输入通道和距离保留当前设置，别照搬早期测试值。
08-03,Flight — Door Reveal and Passage,第二关：门显现、开启与通过,,,第二关门的接近触发与出口门蓝图；旧记录名 BP_ExitDoor，按工程核对。,从穿过门的检测事件复制到叙述、完成写入和返回。,GRAPHS/08-flight-door/08-03-door-crossing-return.txt,IMAGES/08-03-door-crossing-return.png,,pending_export,,第二关文案以你确认的 First to Cross 为准。输入通道和距离保留当前设置，别照搬早期测试值。
09-01,Prohibition — Automatic Travel and Staged Stillness,第三关：蜘蛛行进与分阶段冻结,,,第三关蜘蛛/载具的行进控制，以及控制环境停止的关卡或管理蓝图。,从蜘蛛或承载玩家的 Actor 打开蓝图，复制行进开始、更新和停止入口；若引用路径，附路径实例设置。,GRAPHS/09-prohibition-freeze/09-01-spider-travel.txt,IMAGES/09-01-spider-travel.png,,pending_export,,附停止前后同机位截图和受控对象列表。若黑丝带 Niagara 的播放也由蓝图控制，可把调用附在本模块；材质/粒子资产只登记实际使用项。
09-02,Prohibition — Automatic Travel and Staged Stillness,第三关：蜘蛛行进与分阶段冻结,,,第三关蜘蛛/载具的行进控制，以及控制环境停止的关卡或管理蓝图。,复制控制停止顺序的主链，保留每次调用的真实目标及延迟/时间驱动方法。,GRAPHS/09-prohibition-freeze/09-02-staged-freeze.txt,IMAGES/09-02-staged-freeze.png,,pending_export,,附停止前后同机位截图和受控对象列表。若黑丝带 Niagara 的播放也由蓝图控制，可把调用附在本模块；材质/粒子资产只登记实际使用项。
10-01,Reversal — Hourglass Rotation and Crown Transfer,第四关：沙漏翻转与王冠转移,,,实际小沙漏交互蓝图，以及控制大场景/王冠的接收逻辑。,打开玩家操作的小沙漏蓝图，复制有效目标判断、交互入口和发给场景的调用。,GRAPHS/10-reversal-hourglass/10-01-hourglass-input.txt,IMAGES/10-01-hourglass-input.png,,pending_export,,文案保持“交换位置，层级仍在”。蓝图展示实际轴心与更新，不把阶梯的建模过程当作交互代码。
10-02,Reversal — Hourglass Rotation and Crown Transfer,第四关：沙漏翻转与王冠转移,,,实际小沙漏交互蓝图，以及控制大场景/王冠的接收逻辑。,沿调用找到实际旋转与王冠响应，复制更新链与完成出口，附旋转轴/父子层级。,GRAPHS/10-reversal-hourglass/10-02-rotation-and-crown.txt,IMAGES/10-02-rotation-and-crown.png,,pending_export,,文案保持“交换位置，层级仍在”。蓝图展示实际轴心与更新，不把阶梯的建模过程当作交互代码。
11-01,Feast — Dish Placement and Diner Activation,第五关：献菜、落位与食客活动,,,第五关献菜触发器或关卡蓝图、FinalDish、十二位食客的动画调用。,第五关从献菜碰撞/接收事件开始，复制到 FinalDish 目标位置更新及落位结束。,GRAPHS/11-feast-offering/11-01-offering-and-placement.txt,IMAGES/11-01-offering-and-placement.png,,pending_export,,附食客动画对象引用及触发前后截图。不要把“献菜”与后面 TL_DishHit 的“刺中反馈”混为同一段。
11-02,Feast — Dish Placement and Diner Activation,第五关：献菜、落位与食客活动,,,第五关献菜触发器或关卡蓝图、FinalDish、十二位食客的动画调用。,复制献菜之后如何让十二位食客开始动画；若使用数组/循环，保留数组输入与动画设置。,GRAPHS/11-feast-offering/11-02-diner-activation.txt,IMAGES/11-02-diner-activation.png,,pending_export,,附食客动画对象引用及触发前后截图。不要把“献菜”与后面 TL_DishHit 的“刺中反馈”混为同一段。
12-01,Feast — Knife Handling and Stab Detection,第五关：持刀与刺入检测,,,实际刀具/手部连接，以及检测刺入的目标或触发器。,打开实际刀具/Pawn 中自定义的抓取或附着逻辑，保留手部引用和偏移设置。只展示你修改的部分。,GRAPHS/12-feast-knife/12-01-knife-handling.txt,IMAGES/12-01-knife-handling.png,,pending_export,,附碰撞组件 Details 和刀具抓握的实机图。只截图后果不会说明刺入是怎样被识别的。
12-02,Feast — Knife Handling and Stab Detection,第五关：持刀与刺入检测,,,实际刀具/手部连接，以及检测刺入的目标或触发器。,选中接收刺入的目标，打开蓝图，复制检测→有效性/允许交互判断→发送刺入事件。KnifeTip、StabZone 是旧记录中的定位词，按当前名称确认。,GRAPHS/12-feast-knife/12-02-stab-detection.txt,IMAGES/12-02-stab-detection.png,,pending_export,,附碰撞组件 Details 和刀具抓握的实机图。只截图后果不会说明刺入是怎样被识别的。
13-01,Feast — Stab Response and Narrative Timing,第五关：刺入反馈与叙事时序,,,第五关接收 On Dish Stabbed (TRG_StabDish) 的图；你已在作品集截过这一块。,复制 On Dish Stabbed (TRG_StabDish) → Sequence 及音频/ShowNow/反馈分支。需要延续到吊灯启动调用，但吊灯更新可放模块 14。,GRAPHS/13-feast-narrative-response/13-01-stab-scene-response.txt,IMAGES/13-01-stab-scene-response.png,,pending_export,,使用现在修好的时序。已完成的改动可以写入说明，但不要新增“用户测试改善百分比”等没有记录的结果。
13-02,Feast — Stab Response and Narrative Timing,第五关：刺入反馈与叙事时序,,,第五关接收 On Dish Stabbed (TRG_StabDish) 的图；你已在作品集截过这一块。,复制 TL_DishHit → FinalDish → SetWorldLocation 的实际连线，另附 Timeline 曲线与起止位置来源。,GRAPHS/13-feast-narrative-response/13-02-dish-hit-timeline.txt,IMAGES/13-02-dish-hit-timeline.png,,pending_export,,使用现在修好的时序。已完成的改动可以写入说明，但不要新增“用户测试改善百分比”等没有记录的结果。
14-01,Feast — Chandelier Fall,第五关：吊灯坠落,,,包含 TL_ChandelierFall 并引用 BP_FeastChandelier 的实际图；你已经截过这段。,复制 TL_ChandelierFall → Lerp (Vector) → SetActorLocation，以及起止位置来源和 BP_FeastChandelier 引用。,GRAPHS/14-feast-chandelier/14-01-chandelier-fall.txt,IMAGES/14-01-chandelier-fall.png,,pending_export,,附 Timeline 曲线和坠落前后实机图。按现有图写 Timeline 驱动，不能改说成物理自由落体。
14-02,Feast — Chandelier Fall,第五关：吊灯坠落,,,包含 TL_ChandelierFall 并引用 BP_FeastChandelier 的实际图；你已经截过这段。,从 Timeline Finished 或实际完成条件复制到声音/过渡/返回调用；没有某项就不要补写。,GRAPHS/14-feast-chandelier/14-02-fall-completion.txt,IMAGES/14-02-fall-completion.png,,pending_export,,附 Timeline 曲线和坠落前后实机图。按现有图写 Timeline 驱动，不能改说成物理自由落体。
15-01,The Shop Ending — Survivor Reveal and Fire Progression,终章：第六张牌与商店分批燃烧,,,TheShop 的终章控制图，以及第六张牌、灯光、火焰引用。,打开 TheShop 终章图，复制全部完成判定之后的第六张牌/神龛显示与实际运动。,GRAPHS/15-shop-ending-fire/15-01-survivor-reveal.txt,IMAGES/15-01-survivor-reveal.png,,pending_export,,反馈图用燃烧前→小火→大火。火焰素材来源与自定义调用分开登记；不要把购买的整套特效资源当自写代码上传。
15-02,The Shop Ending — Survivor Reveal and Fire Progression,终章：第六张牌与商店分批燃烧,,,TheShop 的终章控制图，以及第六张牌、灯光、火焰引用。,复制火焰启动、分组/延迟，以及灯光改变的真实调用；保留事件入口，排除开局误触发的旧版。,GRAPHS/15-shop-ending-fire/15-02-staged-fire-lighting.txt,IMAGES/15-02-staged-fire-lighting.png,,pending_export,,反馈图用燃烧前→小火→大火。火焰素材来源与自定义调用分开登记；不要把购买的整套特效资源当自写代码上传。
16-01,Ending — Blink Transition and Final Title,终章：眨眼黑屏与最终标题,,,实际控制眨眼/黑屏的终章蓝图和标题 Widget；资产名从当前工程登记。,复制终章中控制眨眼的完整顺序，连同实际使用的 Camera Fade 或 Widget 调用。,GRAPHS/16-blink-and-title/16-01-blink-sequence.txt,IMAGES/16-01-blink-sequence.png,,pending_export,,导出实际存在的方案，不同时编造 Camera Fade 与 Widget 两套。视频链接用你最终确认的地址。
16-02,Ending — Blink Transition and Final Title,终章：眨眼黑屏与最终标题,,,实际控制眨眼/黑屏的终章蓝图和标题 Widget；资产名从当前工程登记。,打开最终标题 Widget 和调用它的事件，保留创建/显示、动画、声音与结束状态；同时导出 Designer 图。,GRAPHS/16-blink-and-title/16-02-final-title.txt,IMAGES/16-02-final-title.png,,pending_export,,导出实际存在的方案，不同时编造 Camera Fade 与 Widget 两套。视频链接用你最终确认的地址。
