asset_role,module_ids,locator_not_verified_path,content_package_path,archive_relative_path,include_status,required_context
XR Pawn,01;02;03;12,XRPawn / BP_XRPawn: confirm actual asset name,,,not_supplied,custom desktop graph; targeting functions; input connections
Tarot card actor,02;04;05;15,BP_TarotCard,,,not_supplied,activation; focus response; BeginPlay state restoration
Project GameInstance,04;05;15,record current class and package path,,,not_supplied,selection/completion variables; actual write/read logic
Narrative trigger and floating text,06;07;08;09;10;11;13;15;16,record assets owning NarrativeTrigger / ShowNow,,,not_supplied,trigger graph; presentation; audio timing
Narrative widget,06,record actual widget name,,,not_supplied,Designer layout; widget animations; graph
Bell / interaction target,07,record actual actor name,,,not_supplied,input/detection; sound; response call
Exit door,08,BP_ExitDoor: historical name to verify,,,not_supplied,reveal/open/crossing paths
Spider / movement controller,09,record actual actor or Level Blueprint,,,not_supplied,travel and staged freeze
Hourglass,10,record actual actor name,,,not_supplied,interaction; rotation; scene/crown response
Final dish and offering trigger,11;13,FinalDish is a scene reference; record its actual owning asset,,,not_supplied,placement and dish-hit response
Knife and stab target,12;13,TRG_StabDish is an observed scene reference; record owning class,,,not_supplied,hand attachment; detection; accepted-stab event
Chandelier,14,BP_FeastChandelier,,,not_supplied,referenced actor; fall controller may be in another graph
Ending fade/title widget,16,record current widget name,,,not_supplied,layout; animation; display call
Input Actions / Mapping Contexts,01;03;08;10;12,record every custom or modified input asset actually used,,,not_supplied,bindings needed by custom interaction
GameMode / Pawn overrides,01;05;11,record actual active classes and per-map overrides,,,not_supplied,the pawn selected for each relevant map
Blueprint interfaces / structs / enums / function libraries,as used,record referenced project-specific dependencies,,,not_supplied,retain original paths and types
The Shop map,05;15;16,record actual .umap package path,,,not_supplied,Level Blueprint; card/shrine instances; ending actor references
Baiting map,07,record actual .umap package path,,,not_supplied,Level Blueprint event chains
Flight map,08,record actual .umap package path,,,not_supplied,Level Blueprint event chains
Prohibition map,09,record actual .umap package path,,,not_supplied,Level Blueprint event chains
Reversal map,10,record actual .umap package path,,,not_supplied,Level Blueprint event chains
Feast map,11;12;13;14,record actual .umap package path,,,not_supplied,Level Blueprint; placed actor references; timeline curves
